--Naplneni tabulky Mesto
INSERT INTO Mesto VALUES (70800,'Ostrava');
INSERT INTO Mesto VALUES (12500,'Haapajärvi');
INSERT INTO Mesto VALUES (11220,'Suonenjoki');
INSERT INTO Mesto VALUES (10101,'Haapavesi');
INSERT INTO Mesto VALUES (11000,'Tampare');
INSERT INTO Mesto VALUES (61200,'Brno');
--Naplneni tabulky Adresa
INSERT INTO Adresa VALUES (1,12500,'Lik 12');
INSERT INTO Adresa VALUES (2,10101,'Pik 12');
INSERT INTO Adresa VALUES (3,12500,'Pre 18');
INSERT INTO Adresa VALUES (4,10101,'Fik 99');
INSERT INTO Adresa VALUES (5,12500,'Sik 66');
INSERT INTO Adresa VALUES (6,10101,'Alahman 1189');
INSERT INTO Adresa VALUES (7,12500,'Robs 458');
INSERT INTO Adresa VALUES (8,10101,'Mahmade 15');
INSERT INTO Adresa VALUES (9,12500,'Mukacho 77');
INSERT INTO Adresa VALUES (10,10101,'Nevimuz 4');
INSERT INTO Adresa VALUES (11,11220,'Surikata 15');
INSERT INTO Adresa VALUES (12,11000,'Nakachi 111');
INSERT INTO Adresa VALUES (13,11220,'Surikata 16');
INSERT INTO Adresa VALUES (14,11000,'Nakachi 222');
INSERT INTO Adresa VALUES (15,11220,'Sirukata 19');
INSERT INTO Adresa VALUES (16,11000,'Nakachi 333');
INSERT INTO Adresa VALUES (17,11220,'Maslo 20');
INSERT INTO Adresa VALUES (18,61200,'Husitská 7891');
INSERT INTO Adresa VALUES (19,11220,'Hera 10');
INSERT INTO Adresa VALUES (20,11000,'Naasphalt 1110');
INSERT INTO Adresa VALUES (21,70800,'Hlavní tøída 271');
INSERT INTO Adresa VALUES (22,70800,'Opavská 54');
INSERT INTO Adresa VALUES (23,70800,'Otakara Jeremiáše 14');
INSERT INTO Adresa VALUES (24,70800,'Studentská 1');
INSERT INTO Adresa VALUES (25,70800,'Sstudentská 2');
INSERT INTO Adresa VALUES (26,11220,'Naplech 444');
INSERT INTO Adresa VALUES (27,61200,'Bulharská 40');
--Naplneni tabulky Tymy
INSERT INTO Tymy VALUES ('CZ07001101','HC Mustang 11',70800);
INSERT INTO Tymy VALUES ('FI17012201','HC Tuurkove',12500);
INSERT INTO Tymy VALUES ('SW05100501','HC Ysläm',11220);
INSERT INTO Tymy VALUES ('FI18092202','HC Achmäd',10101);
INSERT INTO Tymy VALUES ('SW06110712','HC Neumiinyc',11000);
--Naplneni tabulky Clenove
INSERT INTO Clenove VALUES (1,'Ylermi','Extröm','FI17012201',1,1);
INSERT INTO Clenove VALUES (2,'Houkal','Clakson','FI18092202',2,1);
INSERT INTO Clenove VALUES (3,'Heino','Robinson','FI17012201',3,1);
INSERT INTO Clenove VALUES (4,'Kukka','Seberkröm','FI17012201',4,1);
INSERT INTO Clenove VALUES (5,'Tuula','Ibalgin','FI18092202',5,1);
INSERT INTO Clenove VALUES (6,'Urpa','Trautenborg','FI17012201',6,1);
INSERT INTO Clenove VALUES (7,'Pasi','Rozerval','FI18092202',7,0);
INSERT INTO Clenove VALUES (8,'Impi','Parkundt','FI18092202',8,0);
INSERT INTO Clenove VALUES (9,'Vypiee','Pivson','FI18092202',9,0);
INSERT INTO Clenove VALUES (10,'Sony','Ericsson','FI17012201',10,1);
INSERT INTO Clenove VALUES (11,'Hugoslav','Parkinson','SW05100501',11,1);
INSERT INTO Clenove VALUES (12,'Hulmiho','Ukolen','SW06110712',12,1);
INSERT INTO Clenove VALUES (13,'Šaške','Gulemiházy','SW05100501',13,0);
INSERT INTO Clenove VALUES (14,'Mohamed','Ali','SW06110712',14,1);
INSERT INTO Clenove VALUES (15,'Hewlett','Packard','SW05100501',15,1);
INSERT INTO Clenove VALUES (16,'Tomas','Alva Edison','SW06110712',16,1);
INSERT INTO Clenove VALUES (17,'Eman','Šaškebab','SW05100501',17,1);
INSERT INTO Clenove VALUES (18,'Øehoø','Šipka','CZ07001101',18,1);
INSERT INTO Clenove VALUES (19,'Erick','Pochcalström','SW06110712',19,1);
INSERT INTO Clenove VALUES (20,'Nasraláh','Ovna','SW05100501',20,1); 
INSERT INTO Clenove VALUES (21,'Krum','Páè','CZ07001101',21,0);
INSERT INTO Clenove VALUES (22,'Dežo','Dorant','CZ07001101',22,1); 
INSERT INTO Clenove VALUES (23,'Zdislav','Uzdichcal','CZ07001101',23,0);
INSERT INTO Clenove VALUES (24,'Sou','Èin','CZ07001101',24,1);
INSERT INTO Clenove VALUES (25,'Sou','Èet','CZ07001101',25,1);
INSERT INTO Clenove VALUES (26,'Du Ven','Blejt','SW06110712',26,1);
INSERT INTO Clenove VALUES (27,'Ištván','Šutrházy','CZ07001101',27,1);
--Naplneni tabulky Umisteni
INSERT INTO Umisteni VALUES ('CZ07001101',3,2,1,0,0,6,2,8);
INSERT INTO Umisteni VALUES ('FI17012201',2,1,0,0,1,6,1,3);
INSERT INTO Umisteni VALUES ('SW05100501',3,0,1,1,1,6,11,3);
INSERT INTO Umisteni VALUES ('FI18092202',2,0,0,1,1,4,6,1);
INSERT INTO Umisteni VALUES ('SW06110712',2,1,0,0,1,3,4,3);
--Naplneni tabulky Statistiky
INSERT INTO Statistiky VALUES (4,'Ú',4,2,6,3,0);
INSERT INTO Statistiky VALUES (5,'Ú',3,1,4,5,0);
INSERT INTO Statistiky VALUES (6,'O',2,4,6,4,0);
INSERT INTO Statistiky VALUES (9,'Ú',1,3,4,2,27);
INSERT INTO Statistiky VALUES (23,'O',2,4,6,2,47);
INSERT INTO Statistiky VALUES (24,'Ú',3,0,3,3,0);
INSERT INTO Statistiky VALUES (25,'O',1,2,3,3,0);
INSERT INTO Statistiky VALUES (11,'Ú',6,0,6,8,0);
INSERT INTO Statistiky VALUES (12,'Ú',3,0,3,2,0);
INSERT INTO Statistiky VALUES (13,'O',0,6,6,7,31);
INSERT INTO Statistiky VALUES (19,'O',0,3,3,1,0);
--Naplneni tabulky Rozpis
INSERT INTO Rozpis VALUES (1,'CZ07001101','FI17012201', CAST(N'2016-12-03 14:30:00.0000000' AS DateTime2),1);
INSERT INTO Rozpis VALUES (2,'SW05100501','FI18092202', CAST(N'2016-12-03 16:30:00.0000000' AS DateTime2),1);
INSERT INTO Rozpis VALUES (3,'SW06110712','FI18092202', CAST(N'2016-12-03 18:30:00.0000000' AS DateTime2),1);
INSERT INTO Rozpis VALUES (4,'SW05100501','FI17012201', CAST(N'2016-12-03 20:30:00.0000000' AS DateTime2),1);
INSERT INTO Rozpis VALUES (5,'CZ07001101','SW05100501', CAST(N'2016-12-07 16:30:00.0000000' AS DateTime2),1);
INSERT INTO Rozpis VALUES (6,'SW06110712','CZ07001101', CAST(N'2016-12-09 18:30:00.0000000' AS DateTime2),1);
INSERT INTO Rozpis VALUES (7,'FI17012201','SW06110712', CAST(N'2016-12-10 14:30:00.0000000' AS DateTime2),0);
INSERT INTO Rozpis VALUES (8,'FI18092202','CZ07001101', CAST(N'2016-12-10 16:30:00.0000000' AS DateTime2),0);
INSERT INTO Rozpis VALUES (9,'FI17012201','FI18092202', CAST(N'2016-12-10 18:30:00.0000000' AS DateTime2),0);
INSERT INTO Rozpis VALUES (10,'SW06110712','SW05100501', CAST(N'2016-12-10 20:30:00.0000000' AS DateTime2),0);
--Naplneni tabulky Vysledky
INSERT INTO Vysledky VALUES (1,3,0,NULL);
INSERT INTO Vysledky VALUES (3,2,1,NULL);
INSERT INTO Vysledky VALUES (2,4,3,1);
INSERT INTO Vysledky VALUES (4,1,6,NULL);
INSERT INTO Vysledky VALUES (6,1,3,NULL);
INSERT INTO Vysledky VALUES (5,2,1,1); 
--Naplneni tabulky Tresty
INSERT INTO Tresty VALUES (1,7, (CAST(N'2016-12-03 00:00:00.0000000' AS DateTime2)), (CAST(N'2016-12-11 23:59:00.0000000' AS DateTime2)));
INSERT INTO Tresty VALUES (2,8, (CAST(N'2016-12-03 00:00:00.0000000' AS DateTime2)), (CAST(N'2016-12-11 23:59:00.0000000' AS DateTime2)));
INSERT INTO Tresty VALUES (3,9, (CAST(N'2016-12-03 00:00:00.0000000' AS DateTime2)), (CAST(N'2016-12-25 23:59:00.0000000' AS DateTime2))); 
INSERT INTO Tresty VALUES (4,13, (CAST(N'2016-12-03 00:00:00.0000000' AS DateTime2)), (CAST(N'2017-01-02 23:59:00.0000000' AS DateTime2))); 
INSERT INTO Tresty VALUES (5,21, (CAST(N'2016-12-03 00:00:00.0000000' AS DateTime2)), (CAST(N'2016-12-25 23:59:00.0000000' AS DateTime2))); 
INSERT INTO Tresty VALUES (6,23, (CAST(N'2016-12-03 00:00:00.0000000' AS DateTime2)), (CAST(N'2016-12-11 23:59:00.0000000' AS DateTime2)));

